日付,口座ID,銀行名,通貨,残高,国名,国コード
2024-01-01,ACC001,三菱UFJ銀行,JPY,43579808.99,日本,JPN
2024-01-08,ACC001,三菱UFJ銀行,JPY,47262614.76,日本,JPN
2024-01-15,ACC001,三菱UFJ銀行,JPY,56001066.84,日本,JPN
2024-01-22,ACC001,三菱UFJ銀行,JPY,47159350.72,日本,JPN
2024-01-29,ACC001,三菱UFJ銀行,JPY,52226108.43,日本,JPN
2024-02-05,ACC001,三菱UFJ銀行,JPY,47178762.83,日本,JPN
2024-02-12,ACC001,三菱UFJ銀行,JPY,47251062.99,日本,JPN
2024-02-19,ACC001,三菱UFJ銀行,JPY,46455340.48,日本,JPN
2024-02-26,ACC001,三菱UFJ銀行,JPY,51341681.13,日本,JPN
2024-03-04,ACC001,三菱UFJ銀行,JPY,48461963.61,日本,JPN
2024-03-11,ACC001,三菱UFJ銀行,JPY,48125666.81,日本,JPN
2024-03-18,ACC001,三菱UFJ銀行,JPY,44165302.17,日本,JPN
2024-03-25,ACC001,三菱UFJ銀行,JPY,43411338.58,日本,JPN
2024-04-01,ACC001,三菱UFJ銀行,JPY,51762879.8,日本,JPN
2024-04-08,ACC001,三菱UFJ銀行,JPY,55687955.36,日本,JPN
2024-04-15,ACC001,三菱UFJ銀行,JPY,46648965.76,日本,JPN
2024-04-22,ACC001,三菱UFJ銀行,JPY,48822109.59,日本,JPN
2024-04-29,ACC001,三菱UFJ銀行,JPY,55008360.79,日本,JPN
2024-05-06,ACC001,三菱UFJ銀行,JPY,42181747.08,日本,JPN
2024-05-13,ACC001,三菱UFJ銀行,JPY,39910525.65,日本,JPN
2024-05-20,ACC001,三菱UFJ銀行,JPY,50945999.48,日本,JPN
2024-05-27,ACC001,三菱UFJ銀行,JPY,43755138.51,日本,JPN
2024-06-03,ACC001,三菱UFJ銀行,JPY,56205991.34,日本,JPN
2024-06-10,ACC001,三菱UFJ銀行,JPY,44273801.47,日本,JPN
2024-06-17,ACC001,三菱UFJ銀行,JPY,40348426.25,日本,JPN
2024-06-24,ACC001,三菱UFJ銀行,JPY,50910280.14,日本,JPN
2024-07-01,ACC001,三菱UFJ銀行,JPY,50453905.11,日本,JPN
2024-07-08,ACC001,三菱UFJ銀行,JPY,56390329.61,日本,JPN
2024-07-15,ACC001,三菱UFJ銀行,JPY,51272461.49,日本,JPN
2024-07-22,ACC001,三菱UFJ銀行,JPY,43005511.72,日本,JPN
2024-07-29,ACC001,三菱UFJ銀行,JPY,40391756.15,日本,JPN
2024-08-05,ACC001,三菱UFJ銀行,JPY,40018552.5,日本,JPN
2024-08-12,ACC001,三菱UFJ銀行,JPY,41427230.08,日本,JPN
2024-08-19,ACC001,三菱UFJ銀行,JPY,46189974.61,日本,JPN
2024-08-26,ACC001,三菱UFJ銀行,JPY,45561958.93,日本,JPN
2024-09-02,ACC001,三菱UFJ銀行,JPY,55541863.49,日本,JPN
2024-09-09,ACC001,三菱UFJ銀行,JPY,50541338.72,日本,JPN
2024-09-16,ACC001,三菱UFJ銀行,JPY,48560944.96,日本,JPN
2024-09-23,ACC001,三菱UFJ銀行,JPY,53825271.12,日本,JPN
2024-09-30,ACC001,三菱UFJ銀行,JPY,49683302.55,日本,JPN
2024-10-07,ACC001,三菱UFJ銀行,JPY,42482712.96,日本,JPN
2024-10-14,ACC001,三菱UFJ銀行,JPY,45344048.12,日本,JPN
2024-10-21,ACC001,三菱UFJ銀行,JPY,49336855.8,日本,JPN
2024-10-28,ACC001,三菱UFJ銀行,JPY,43996772.33,日本,JPN
2024-11-04,ACC001,三菱UFJ銀行,JPY,41656357.72,日本,JPN
2024-11-11,ACC001,三菱UFJ銀行,JPY,52535582.35,日本,JPN
2024-11-18,ACC001,三菱UFJ銀行,JPY,55688769.69,日本,JPN
2024-11-25,ACC001,三菱UFJ銀行,JPY,40546712.5,日本,JPN
2024-12-02,ACC001,三菱UFJ銀行,JPY,43187226.18,日本,JPN
2024-12-09,ACC001,三菱UFJ銀行,JPY,42520075.22,日本,JPN
2024-12-16,ACC001,三菱UFJ銀行,JPY,45135355.15,日本,JPN
2024-12-23,ACC001,三菱UFJ銀行,JPY,43615971.73,日本,JPN
2024-12-30,ACC001,三菱UFJ銀行,JPY,48653361.68,日本,JPN
2024-01-01,ACC002,みずほ銀行,USD,27428601.72,アメリカ,USA
2024-01-08,ACC002,みずほ銀行,USD,35221102.26,アメリカ,USA
2024-01-15,ACC002,みずほ銀行,USD,34858612.96,アメリカ,USA
2024-01-22,ACC002,みずほ銀行,USD,31053830.1,アメリカ,USA
2024-01-29,ACC002,みずほ銀行,USD,24129029.43,アメリカ,USA
2024-02-05,ACC002,みずほ銀行,USD,29734384.46,アメリカ,USA
2024-02-12,ACC002,みずほ銀行,USD,29242041.37,アメリカ,USA
2024-02-19,ACC002,みずほ銀行,USD,24525391.0,アメリカ,USA
2024-02-26,ACC002,みずほ銀行,USD,29529669.44,アメリカ,USA
2024-03-04,ACC002,みずほ銀行,USD,26559078.21,アメリカ,USA
2024-03-11,ACC002,みずほ銀行,USD,24212222.13,アメリカ,USA
2024-03-18,ACC002,みずほ銀行,USD,24679923.63,アメリカ,USA
2024-03-25,ACC002,みずほ銀行,USD,33809199.38,アメリカ,USA
2024-04-01,ACC002,みずほ銀行,USD,33213070.47,アメリカ,USA
2024-04-08,ACC002,みずほ銀行,USD,28628198.08,アメリカ,USA
2024-04-15,ACC002,みずほ銀行,USD,32967094.93,アメリカ,USA
2024-04-22,ACC002,みずほ銀行,USD,32279658.02,アメリカ,USA
2024-04-29,ACC002,みずほ銀行,USD,28495858.58,アメリカ,USA
2024-05-06,ACC002,みずほ銀行,USD,33071491.61,アメリカ,USA
2024-05-13,ACC002,みずほ銀行,USD,31547052.8,アメリカ,USA
2024-05-20,ACC002,みずほ銀行,USD,27782888.01,アメリカ,USA
2024-05-27,ACC002,みずほ銀行,USD,23819257.84,アメリカ,USA
2024-06-03,ACC002,みずほ銀行,USD,27727616.36,アメリカ,USA
2024-06-10,ACC002,みずほ銀行,USD,25302463.53,アメリカ,USA
2024-06-17,ACC002,みずほ銀行,USD,32850861.24,アメリカ,USA
2024-06-24,ACC002,みずほ銀行,USD,29416860.16,アメリカ,USA
2024-07-01,ACC002,みずほ銀行,USD,31572615.73,アメリカ,USA
2024-07-08,ACC002,みずほ銀行,USD,26986625.73,アメリカ,USA
2024-07-15,ACC002,みずほ銀行,USD,29899585.23,アメリカ,USA
2024-07-22,ACC002,みずほ銀行,USD,28240428.6,アメリカ,USA
2024-07-29,ACC002,みずほ銀行,USD,34534310.98,アメリカ,USA
2024-08-05,ACC002,みずほ銀行,USD,32212704.84,アメリカ,USA
2024-08-12,ACC002,みずほ銀行,USD,27509730.3,アメリカ,USA
2024-08-19,ACC002,みずほ銀行,USD,27746263.85,アメリカ,USA
2024-08-26,ACC002,みずほ銀行,USD,34723789.78,アメリカ,USA
2024-09-02,ACC002,みずほ銀行,USD,24085109.57,アメリカ,USA
2024-09-09,ACC002,みずほ銀行,USD,28962415.25,アメリカ,USA
2024-09-16,ACC002,みずほ銀行,USD,29596619.54,アメリカ,USA
2024-09-23,ACC002,みずほ銀行,USD,27321752.54,アメリカ,USA
2024-09-30,ACC002,みずほ銀行,USD,25264348.17,アメリカ,USA
2024-10-07,ACC002,みずほ銀行,USD,32287248.09,アメリカ,USA
2024-10-14,ACC002,みずほ銀行,USD,31662578.41,アメリカ,USA
2024-10-21,ACC002,みずほ銀行,USD,30899226.74,アメリカ,USA
2024-10-28,ACC002,みずほ銀行,USD,32400963.75,アメリカ,USA
2024-11-04,ACC002,みずほ銀行,USD,25845908.64,アメリカ,USA
2024-11-11,ACC002,みずほ銀行,USD,25770960.94,アメリカ,USA
2024-11-18,ACC002,みずほ銀行,USD,31732884.88,アメリカ,USA
2024-11-25,ACC002,みずほ銀行,USD,24401025.22,アメリカ,USA
2024-12-02,ACC002,みずほ銀行,USD,31756389.99,アメリカ,USA
2024-12-09,ACC002,みずほ銀行,USD,32162165.73,アメリカ,USA
2024-12-16,ACC002,みずほ銀行,USD,28528535.29,アメリカ,USA
2024-12-23,ACC002,みずほ銀行,USD,29309316.5,アメリカ,USA
2024-12-30,ACC002,みずほ銀行,USD,25353673.03,アメリカ,USA
2024-01-01,ACC003,三井住友銀行,EUR,11501421.5,ドイツ,DEU
2024-01-08,ACC003,三井住友銀行,EUR,12211802.39,ドイツ,DEU
2024-01-15,ACC003,三井住友銀行,EUR,12883902.03,ドイツ,DEU
2024-01-22,ACC003,三井住友銀行,EUR,9723864.13,ドイツ,DEU
2024-01-29,ACC003,三井住友銀行,EUR,12778481.08,ドイツ,DEU
2024-02-05,ACC003,三井住友銀行,EUR,13107376.53,ドイツ,DEU
2024-02-12,ACC003,三井住友銀行,EUR,13731518.38,ドイツ,DEU
2024-02-19,ACC003,三井住友銀行,EUR,10616878.12,ドイツ,DEU
2024-02-26,ACC003,三井住友銀行,EUR,11330245.15,ドイツ,DEU
2024-03-04,ACC003,三井住友銀行,EUR,13212214.27,ドイツ,DEU
2024-03-11,ACC003,三井住友銀行,EUR,9777568.95,ドイツ,DEU
2024-03-18,ACC003,三井住友銀行,EUR,11203196.17,ドイツ,DEU
2024-03-25,ACC003,三井住友銀行,EUR,13692211.5,ドイツ,DEU
2024-04-01,ACC003,三井住友銀行,EUR,11811592.85,ドイツ,DEU
2024-04-08,ACC003,三井住友銀行,EUR,11341591.06,ドイツ,DEU
2024-04-15,ACC003,三井住友銀行,EUR,12277044.49,ドイツ,DEU
2024-04-22,ACC003,三井住友銀行,EUR,13663240.38,ドイツ,DEU
2024-04-29,ACC003,三井住友銀行,EUR,11900590.91,ドイツ,DEU
2024-05-06,ACC003,三井住友銀行,EUR,10434422.73,ドイツ,DEU
2024-05-13,ACC003,三井住友銀行,EUR,10052854.61,ドイツ,DEU
2024-05-20,ACC003,三井住友銀行,EUR,10101365.78,ドイツ,DEU
2024-05-27,ACC003,三井住友銀行,EUR,11338166.06,ドイツ,DEU
2024-06-03,ACC003,三井住友銀行,EUR,11578359.18,ドイツ,DEU
2024-06-10,ACC003,三井住友銀行,EUR,12476448.01,ドイツ,DEU
2024-06-17,ACC003,三井住友銀行,EUR,10750750.23,ドイツ,DEU
2024-06-24,ACC003,三井住友銀行,EUR,13095310.03,ドイツ,DEU
2024-07-01,ACC003,三井住友銀行,EUR,11751423.35,ドイツ,DEU
2024-07-08,ACC003,三井住友銀行,EUR,12741584.48,ドイツ,DEU
2024-07-15,ACC003,三井住友銀行,EUR,9979650.81,ドイツ,DEU
2024-07-22,ACC003,三井住友銀行,EUR,13758177.96,ドイツ,DEU
2024-07-29,ACC003,三井住友銀行,EUR,12641990.27,ドイツ,DEU
2024-08-05,ACC003,三井住友銀行,EUR,10742707.41,ドイツ,DEU
2024-08-12,ACC003,三井住友銀行,EUR,9953843.46,ドイツ,DEU
2024-08-19,ACC003,三井住友銀行,EUR,12333221.17,ドイツ,DEU
2024-08-26,ACC003,三井住友銀行,EUR,9750956.94,ドイツ,DEU
2024-09-02,ACC003,三井住友銀行,EUR,13450546.39,ドイツ,DEU
2024-09-09,ACC003,三井住友銀行,EUR,11784373.1,ドイツ,DEU
2024-09-16,ACC003,三井住友銀行,EUR,13996119.17,ドイツ,DEU
2024-09-23,ACC003,三井住友銀行,EUR,12678167.26,ドイツ,DEU
2024-09-30,ACC003,三井住友銀行,EUR,12292816.05,ドイツ,DEU
2024-10-07,ACC003,三井住友銀行,EUR,13817749.49,ドイツ,DEU
2024-10-14,ACC003,三井住友銀行,EUR,10897283.07,ドイツ,DEU
2024-10-21,ACC003,三井住友銀行,EUR,9735087.72,ドイツ,DEU
2024-10-28,ACC003,三井住友銀行,EUR,10604128.37,ドイツ,DEU
2024-11-04,ACC003,三井住友銀行,EUR,10172679.43,ドイツ,DEU
2024-11-11,ACC003,三井住友銀行,EUR,13642688.59,ドイツ,DEU
2024-11-18,ACC003,三井住友銀行,EUR,11061374.78,ドイツ,DEU
2024-11-25,ACC003,三井住友銀行,EUR,9601249.46,ドイツ,DEU
2024-12-02,ACC003,三井住友銀行,EUR,12819319.9,ドイツ,DEU
2024-12-09,ACC003,三井住友銀行,EUR,10213832.21,ドイツ,DEU
2024-12-16,ACC003,三井住友銀行,EUR,12096290.75,ドイツ,DEU
2024-12-23,ACC003,三井住友銀行,EUR,12077873.6,ドイツ,DEU
2024-12-30,ACC003,三井住友銀行,EUR,13620763.28,ドイツ,DEU
2024-01-01,ACC004,JPMorgan Chase,GBP,19416536.56,イギリス,GBR
2024-01-08,ACC004,JPMorgan Chase,GBP,22282897.88,イギリス,GBR
2024-01-15,ACC004,JPMorgan Chase,GBP,22444601.96,イギリス,GBR
2024-01-22,ACC004,JPMorgan Chase,GBP,26142206.38,イギリス,GBR
2024-01-29,ACC004,JPMorgan Chase,GBP,19253209.26,イギリス,GBR
2024-02-05,ACC004,JPMorgan Chase,GBP,21733377.98,イギリス,GBR
2024-02-12,ACC004,JPMorgan Chase,GBP,24861797.51,イギリス,GBR
2024-02-19,ACC004,JPMorgan Chase,GBP,26063418.5,イギリス,GBR
2024-02-26,ACC004,JPMorgan Chase,GBP,22334842.24,イギリス,GBR
2024-03-04,ACC004,JPMorgan Chase,GBP,22830185.25,イギリス,GBR
2024-03-11,ACC004,JPMorgan Chase,GBP,23950165.23,イギリス,GBR
2024-03-18,ACC004,JPMorgan Chase,GBP,18221122.75,イギリス,GBR
2024-03-25,ACC004,JPMorgan Chase,GBP,19295444.02,イギリス,GBR
2024-04-01,ACC004,JPMorgan Chase,GBP,17630199.04,イギリス,GBR
2024-04-08,ACC004,JPMorgan Chase,GBP,23353058.31,イギリス,GBR
2024-04-15,ACC004,JPMorgan Chase,GBP,24227287.06,イギリス,GBR
2024-04-22,ACC004,JPMorgan Chase,GBP,17598942.72,イギリス,GBR
2024-04-29,ACC004,JPMorgan Chase,GBP,18572632.44,イギリス,GBR
2024-05-06,ACC004,JPMorgan Chase,GBP,21796133.23,イギリス,GBR
2024-05-13,ACC004,JPMorgan Chase,GBP,25703533.34,イギリス,GBR
2024-05-20,ACC004,JPMorgan Chase,GBP,21001948.75,イギリス,GBR
2024-05-27,ACC004,JPMorgan Chase,GBP,25892715.67,イギリス,GBR
2024-06-03,ACC004,JPMorgan Chase,GBP,20030186.81,イギリス,GBR
2024-06-10,ACC004,JPMorgan Chase,GBP,20092360.84,イギリス,GBR
2024-06-17,ACC004,JPMorgan Chase,GBP,19432303.81,イギリス,GBR
2024-06-24,ACC004,JPMorgan Chase,GBP,22569933.47,イギリス,GBR
2024-07-01,ACC004,JPMorgan Chase,GBP,24267636.81,イギリス,GBR
2024-07-08,ACC004,JPMorgan Chase,GBP,20206702.96,イギリス,GBR
2024-07-15,ACC004,JPMorgan Chase,GBP,21768603.72,イギリス,GBR
2024-07-22,ACC004,JPMorgan Chase,GBP,21615800.79,イギリス,GBR
2024-07-29,ACC004,JPMorgan Chase,GBP,23908849.84,イギリス,GBR
2024-08-05,ACC004,JPMorgan Chase,GBP,21002207.21,イギリス,GBR
2024-08-12,ACC004,JPMorgan Chase,GBP,20704187.24,イギリス,GBR
2024-08-19,ACC004,JPMorgan Chase,GBP,19789568.06,イギリス,GBR
2024-08-26,ACC004,JPMorgan Chase,GBP,18556565.19,イギリス,GBR
2024-09-02,ACC004,JPMorgan Chase,GBP,19134980.87,イギリス,GBR
2024-09-09,ACC004,JPMorgan Chase,GBP,19563381.51,イギリス,GBR
2024-09-16,ACC004,JPMorgan Chase,GBP,20261894.01,イギリス,GBR
2024-09-23,ACC004,JPMorgan Chase,GBP,20448430.43,イギリス,GBR
2024-09-30,ACC004,JPMorgan Chase,GBP,18481926.73,イギリス,GBR
2024-10-07,ACC004,JPMorgan Chase,GBP,19511753.14,イギリス,GBR
2024-10-14,ACC004,JPMorgan Chase,GBP,21477595.12,イギリス,GBR
2024-10-21,ACC004,JPMorgan Chase,GBP,19045163.27,イギリス,GBR
2024-10-28,ACC004,JPMorgan Chase,GBP,18494812.87,イギリス,GBR
2024-11-04,ACC004,JPMorgan Chase,GBP,25222223.65,イギリス,GBR
2024-11-11,ACC004,JPMorgan Chase,GBP,21344436.49,イギリス,GBR
2024-11-18,ACC004,JPMorgan Chase,GBP,21856013.21,イギリス,GBR
2024-11-25,ACC004,JPMorgan Chase,GBP,20101439.17,イギリス,GBR
2024-12-02,ACC004,JPMorgan Chase,GBP,18480929.7,イギリス,GBR
2024-12-09,ACC004,JPMorgan Chase,GBP,20826617.14,イギリス,GBR
2024-12-16,ACC004,JPMorgan Chase,GBP,20590343.59,イギリス,GBR
2024-12-23,ACC004,JPMorgan Chase,GBP,23142960.31,イギリス,GBR
2024-12-30,ACC004,JPMorgan Chase,GBP,21319680.34,イギリス,GBR
2024-01-01,ACC005,Deutsche Bank,SGD,23446141.54,フランス,FRA
2024-01-08,ACC005,Deutsche Bank,SGD,21136049.96,フランス,FRA
2024-01-15,ACC005,Deutsche Bank,SGD,23818052.5,フランス,FRA
2024-01-22,ACC005,Deutsche Bank,SGD,19710791.37,フランス,FRA
2024-01-29,ACC005,Deutsche Bank,SGD,22050650.86,フランス,FRA
2024-02-05,ACC005,Deutsche Bank,SGD,21309195.19,フランス,FRA
2024-02-12,ACC005,Deutsche Bank,SGD,22348520.23,フランス,FRA
2024-02-19,ACC005,Deutsche Bank,SGD,19655375.58,フランス,FRA
2024-02-26,ACC005,Deutsche Bank,SGD,24193203.36,フランス,FRA
2024-03-04,ACC005,Deutsche Bank,SGD,23994390.23,フランス,FRA
2024-03-11,ACC005,Deutsche Bank,SGD,27073234.84,フランス,FRA
2024-03-18,ACC005,Deutsche Bank,SGD,25296034.62,フランス,FRA
2024-03-25,ACC005,Deutsche Bank,SGD,21562722.87,フランス,FRA
2024-04-01,ACC005,Deutsche Bank,SGD,23373472.36,フランス,FRA
2024-04-08,ACC005,Deutsche Bank,SGD,25429056.38,フランス,FRA
2024-04-15,ACC005,Deutsche Bank,SGD,21648483.69,フランス,FRA
2024-04-22,ACC005,Deutsche Bank,SGD,23194096.1,フランス,FRA
2024-04-29,ACC005,Deutsche Bank,SGD,23095415.01,フランス,FRA
2024-05-06,ACC005,Deutsche Bank,SGD,20322480.78,フランス,FRA
2024-05-13,ACC005,Deutsche Bank,SGD,24783336.19,フランス,FRA
2024-05-20,ACC005,Deutsche Bank,SGD,28508860.9,フランス,FRA
2024-05-27,ACC005,Deutsche Bank,SGD,23753304.47,フランス,FRA
2024-06-03,ACC005,Deutsche Bank,SGD,23619874.43,フランス,FRA
2024-06-10,ACC005,Deutsche Bank,SGD,22559032.78,フランス,FRA
2024-06-17,ACC005,Deutsche Bank,SGD,19465410.44,フランス,FRA
2024-06-24,ACC005,Deutsche Bank,SGD,25496442.3,フランス,FRA
2024-07-01,ACC005,Deutsche Bank,SGD,23673548.1,フランス,FRA
2024-07-08,ACC005,Deutsche Bank,SGD,20552212.29,フランス,FRA
2024-07-15,ACC005,Deutsche Bank,SGD,20593748.98,フランス,FRA
2024-07-22,ACC005,Deutsche Bank,SGD,19722333.17,フランス,FRA
2024-07-29,ACC005,Deutsche Bank,SGD,24881911.86,フランス,FRA
2024-08-05,ACC005,Deutsche Bank,SGD,21781429.46,フランス,FRA
2024-08-12,ACC005,Deutsche Bank,SGD,27396688.06,フランス,FRA
2024-08-19,ACC005,Deutsche Bank,SGD,24491259.9,フランス,FRA
2024-08-26,ACC005,Deutsche Bank,SGD,27068254.92,フランス,FRA
2024-09-02,ACC005,Deutsche Bank,SGD,24172328.79,フランス,FRA
2024-09-09,ACC005,Deutsche Bank,SGD,22565131.32,フランス,FRA
2024-09-16,ACC005,Deutsche Bank,SGD,25620003.94,フランス,FRA
2024-09-23,ACC005,Deutsche Bank,SGD,25459984.82,フランス,FRA
2024-09-30,ACC005,Deutsche Bank,SGD,24814244.79,フランス,FRA
2024-10-07,ACC005,Deutsche Bank,SGD,24196987.72,フランス,FRA
2024-10-14,ACC005,Deutsche Bank,SGD,22694763.31,フランス,FRA
2024-10-21,ACC005,Deutsche Bank,SGD,27645680.94,フランス,FRA
2024-10-28,ACC005,Deutsche Bank,SGD,27002509.63,フランス,FRA
2024-11-04,ACC005,Deutsche Bank,SGD,27570644.88,フランス,FRA
2024-11-11,ACC005,Deutsche Bank,SGD,26625986.79,フランス,FRA
2024-11-18,ACC005,Deutsche Bank,SGD,25512196.96,フランス,FRA
2024-11-25,ACC005,Deutsche Bank,SGD,20657412.51,フランス,FRA
2024-12-02,ACC005,Deutsche Bank,SGD,26682378.47,フランス,FRA
2024-12-09,ACC005,Deutsche Bank,SGD,27755943.93,フランス,FRA
2024-12-16,ACC005,Deutsche Bank,SGD,24611291.51,フランス,FRA
2024-12-23,ACC005,Deutsche Bank,SGD,19657648.91,フランス,FRA
2024-12-30,ACC005,Deutsche Bank,SGD,22611614.46,フランス,FRA
2024-01-01,ACC006,HSBC,AUD,11598062.11,シンガポール,SGP
2024-01-08,ACC006,HSBC,AUD,9743579.24,シンガポール,SGP
2024-01-15,ACC006,HSBC,AUD,9946003.55,シンガポール,SGP
2024-01-22,ACC006,HSBC,AUD,13105468.3,シンガポール,SGP
2024-01-29,ACC006,HSBC,AUD,11894199.97,シンガポール,SGP
2024-02-05,ACC006,HSBC,AUD,12517777.59,シンガポール,SGP
2024-02-12,ACC006,HSBC,AUD,9946740.55,シンガポール,SGP
2024-02-19,ACC006,HSBC,AUD,11806755.11,シンガポール,SGP
2024-02-26,ACC006,HSBC,AUD,10075103.41,シンガポール,SGP
2024-03-04,ACC006,HSBC,AUD,12065037.43,シンガポール,SGP
2024-03-11,ACC006,HSBC,AUD,11352929.69,シンガポール,SGP
2024-03-18,ACC006,HSBC,AUD,12690962.27,シンガポール,SGP
2024-03-25,ACC006,HSBC,AUD,12443770.62,シンガポール,SGP
2024-04-01,ACC006,HSBC,AUD,11299788.07,シンガポール,SGP
2024-04-08,ACC006,HSBC,AUD,10984437.17,シンガポール,SGP
2024-04-15,ACC006,HSBC,AUD,11256263.49,シンガポール,SGP
2024-04-22,ACC006,HSBC,AUD,12657407.16,シンガポール,SGP
2024-04-29,ACC006,HSBC,AUD,9285125.83,シンガポール,SGP
2024-05-06,ACC006,HSBC,AUD,12348783.44,シンガポール,SGP
2024-05-13,ACC006,HSBC,AUD,9159391.86,シンガポール,SGP
2024-05-20,ACC006,HSBC,AUD,9012785.62,シンガポール,SGP
2024-05-27,ACC006,HSBC,AUD,9495245.54,シンガポール,SGP
2024-06-03,ACC006,HSBC,AUD,12339486.33,シンガポール,SGP
2024-06-10,ACC006,HSBC,AUD,10792105.7,シンガポール,SGP
2024-06-17,ACC006,HSBC,AUD,9689227.36,シンガポール,SGP
2024-06-24,ACC006,HSBC,AUD,9964147.93,シンガポール,SGP
2024-07-01,ACC006,HSBC,AUD,11431559.83,シンガポール,SGP
2024-07-08,ACC006,HSBC,AUD,11620774.26,シンガポール,SGP
2024-07-15,ACC006,HSBC,AUD,13016229.82,シンガポール,SGP
2024-07-22,ACC006,HSBC,AUD,12136904.58,シンガポール,SGP
2024-07-29,ACC006,HSBC,AUD,9008872.36,シンガポール,SGP
2024-08-05,ACC006,HSBC,AUD,9102455.81,シンガポール,SGP
2024-08-12,ACC006,HSBC,AUD,12655053.68,シンガポール,SGP
2024-08-19,ACC006,HSBC,AUD,9729662.64,シンガポール,SGP
2024-08-26,ACC006,HSBC,AUD,12793527.55,シンガポール,SGP
2024-09-02,ACC006,HSBC,AUD,8892514.39,シンガポール,SGP
2024-09-09,ACC006,HSBC,AUD,9351900.62,シンガポール,SGP
2024-09-16,ACC006,HSBC,AUD,12058384.2,シンガポール,SGP
2024-09-23,ACC006,HSBC,AUD,12811153.85,シンガポール,SGP
2024-09-30,ACC006,HSBC,AUD,13173138.3,シンガポール,SGP
2024-10-07,ACC006,HSBC,AUD,12555110.79,シンガポール,SGP
2024-10-14,ACC006,HSBC,AUD,10189008.87,シンガポール,SGP
2024-10-21,ACC006,HSBC,AUD,10065049.42,シンガポール,SGP
2024-10-28,ACC006,HSBC,AUD,9091465.66,シンガポール,SGP
2024-11-04,ACC006,HSBC,AUD,9289899.71,シンガポール,SGP
2024-11-11,ACC006,HSBC,AUD,9181992.29,シンガポール,SGP
2024-11-18,ACC006,HSBC,AUD,11464318.47,シンガポール,SGP
2024-11-25,ACC006,HSBC,AUD,13169733.04,シンガポール,SGP
2024-12-02,ACC006,HSBC,AUD,10011507.88,シンガポール,SGP
2024-12-09,ACC006,HSBC,AUD,9456933.22,シンガポール,SGP
2024-12-16,ACC006,HSBC,AUD,11936100.48,シンガポール,SGP
2024-12-23,ACC006,HSBC,AUD,9824650.0,シンガポール,SGP
2024-12-30,ACC006,HSBC,AUD,13053725.28,シンガポール,SGP
2024-01-01,ACC007,BNP Paribas,CAD,29773992.19,オーストラリア,AUS
2024-01-08,ACC007,BNP Paribas,CAD,27223776.85,オーストラリア,AUS
2024-01-15,ACC007,BNP Paribas,CAD,26294500.03,オーストラリア,AUS
2024-01-22,ACC007,BNP Paribas,CAD,27623178.27,オーストラリア,AUS
2024-01-29,ACC007,BNP Paribas,CAD,29944344.5,オーストラリア,AUS
2024-02-05,ACC007,BNP Paribas,CAD,30042625.22,オーストラリア,AUS
2024-02-12,ACC007,BNP Paribas,CAD,26014562.25,オーストラリア,AUS
2024-02-19,ACC007,BNP Paribas,CAD,29688481.95,オーストラリア,AUS
2024-02-26,ACC007,BNP Paribas,CAD,30600376.5,オーストラリア,AUS
2024-03-04,ACC007,BNP Paribas,CAD,28780623.32,オーストラリア,AUS
2024-03-11,ACC007,BNP Paribas,CAD,29432376.9,オーストラリア,AUS
2024-03-18,ACC007,BNP Paribas,CAD,28029470.55,オーストラリア,AUS
2024-03-25,ACC007,BNP Paribas,CAD,25787965.83,オーストラリア,AUS
2024-04-01,ACC007,BNP Paribas,CAD,27163281.23,オーストラリア,AUS
2024-04-08,ACC007,BNP Paribas,CAD,32215958.34,オーストラリア,AUS
2024-04-15,ACC007,BNP Paribas,CAD,32794664.92,オーストラリア,AUS
2024-04-22,ACC007,BNP Paribas,CAD,32075650.07,オーストラリア,AUS
2024-04-29,ACC007,BNP Paribas,CAD,34156094.65,オーストラリア,AUS
2024-05-06,ACC007,BNP Paribas,CAD,29871260.6,オーストラリア,AUS
2024-05-13,ACC007,BNP Paribas,CAD,28347979.49,オーストラリア,AUS
2024-05-20,ACC007,BNP Paribas,CAD,25313103.49,オーストラリア,AUS
2024-05-27,ACC007,BNP Paribas,CAD,27651627.24,オーストラリア,AUS
2024-06-03,ACC007,BNP Paribas,CAD,28394600.96,オーストラリア,AUS
2024-06-10,ACC007,BNP Paribas,CAD,32280636.37,オーストラリア,AUS
2024-06-17,ACC007,BNP Paribas,CAD,29123265.7,オーストラリア,AUS
2024-06-24,ACC007,BNP Paribas,CAD,27286022.87,オーストラリア,AUS
2024-07-01,ACC007,BNP Paribas,CAD,26177781.3,オーストラリア,AUS
2024-07-08,ACC007,BNP Paribas,CAD,27873126.32,オーストラリア,AUS
2024-07-15,ACC007,BNP Paribas,CAD,23488725.03,オーストラリア,AUS
2024-07-22,ACC007,BNP Paribas,CAD,29536624.93,オーストラリア,AUS
2024-07-29,ACC007,BNP Paribas,CAD,28006723.11,オーストラリア,AUS
2024-08-05,ACC007,BNP Paribas,CAD,24029858.49,オーストラリア,AUS
2024-08-12,ACC007,BNP Paribas,CAD,30804663.63,オーストラリア,AUS
2024-08-19,ACC007,BNP Paribas,CAD,26760107.74,オーストラリア,AUS
2024-08-26,ACC007,BNP Paribas,CAD,34760030.51,オーストラリア,AUS
2024-09-02,ACC007,BNP Paribas,CAD,25247872.86,オーストラリア,AUS
2024-09-09,ACC007,BNP Paribas,CAD,28740399.86,オーストラリア,AUS
2024-09-16,ACC007,BNP Paribas,CAD,34403698.35,オーストラリア,AUS
2024-09-23,ACC007,BNP Paribas,CAD,27442050.08,オーストラリア,AUS
2024-09-30,ACC007,BNP Paribas,CAD,23393601.87,オーストラリア,AUS
2024-10-07,ACC007,BNP Paribas,CAD,32091208.52,オーストラリア,AUS
2024-10-14,ACC007,BNP Paribas,CAD,32244781.43,オーストラリア,AUS
2024-10-21,ACC007,BNP Paribas,CAD,31632879.56,オーストラリア,AUS
2024-10-28,ACC007,BNP Paribas,CAD,26845556.88,オーストラリア,AUS
2024-11-04,ACC007,BNP Paribas,CAD,27656021.58,オーストラリア,AUS
2024-11-11,ACC007,BNP Paribas,CAD,30577110.39,オーストラリア,AUS
2024-11-18,ACC007,BNP Paribas,CAD,29004869.32,オーストラリア,AUS
2024-11-25,ACC007,BNP Paribas,CAD,34271737.1,オーストラリア,AUS
2024-12-02,ACC007,BNP Paribas,CAD,32129324.69,オーストラリア,AUS
2024-12-09,ACC007,BNP Paribas,CAD,31941423.07,オーストラリア,AUS
2024-12-16,ACC007,BNP Paribas,CAD,26817883.13,オーストラリア,AUS
2024-12-23,ACC007,BNP Paribas,CAD,29442286.97,オーストラリア,AUS
2024-12-30,ACC007,BNP Paribas,CAD,29872426.58,オーストラリア,AUS
2024-01-01,ACC008,UBS,CHF,8283407.58,カナダ,CAN
2024-01-08,ACC008,UBS,CHF,9046742.73,カナダ,CAN
2024-01-15,ACC008,UBS,CHF,8499868.73,カナダ,CAN
2024-01-22,ACC008,UBS,CHF,9625070.21,カナダ,CAN
2024-01-29,ACC008,UBS,CHF,6871396.78,カナダ,CAN
2024-02-05,ACC008,UBS,CHF,7930413.04,カナダ,CAN
2024-02-12,ACC008,UBS,CHF,7154171.15,カナダ,CAN
2024-02-19,ACC008,UBS,CHF,9646255.07,カナダ,CAN
2024-02-26,ACC008,UBS,CHF,7694277.04,カナダ,CAN
2024-03-04,ACC008,UBS,CHF,7581326.03,カナダ,CAN
2024-03-11,ACC008,UBS,CHF,8300441.15,カナダ,CAN
2024-03-18,ACC008,UBS,CHF,9862123.74,カナダ,CAN
2024-03-25,ACC008,UBS,CHF,9219681.19,カナダ,CAN
2024-04-01,ACC008,UBS,CHF,8047942.71,カナダ,CAN
2024-04-08,ACC008,UBS,CHF,7784836.65,カナダ,CAN
2024-04-15,ACC008,UBS,CHF,9055518.73,カナダ,CAN
2024-04-22,ACC008,UBS,CHF,9557101.31,カナダ,CAN
2024-04-29,ACC008,UBS,CHF,8029555.43,カナダ,CAN
2024-05-06,ACC008,UBS,CHF,6780179.72,カナダ,CAN
2024-05-13,ACC008,UBS,CHF,7239264.67,カナダ,CAN
2024-05-20,ACC008,UBS,CHF,6836539.38,カナダ,CAN
2024-05-27,ACC008,UBS,CHF,9959993.71,カナダ,CAN
2024-06-03,ACC008,UBS,CHF,9922966.44,カナダ,CAN
2024-06-10,ACC008,UBS,CHF,8943656.01,カナダ,CAN
2024-06-17,ACC008,UBS,CHF,9875441.12,カナダ,CAN
2024-06-24,ACC008,UBS,CHF,7115353.87,カナダ,CAN
2024-07-01,ACC008,UBS,CHF,8184278.35,カナダ,CAN
2024-07-08,ACC008,UBS,CHF,8428812.81,カナダ,CAN
2024-07-15,ACC008,UBS,CHF,7748484.19,カナダ,CAN
2024-07-22,ACC008,UBS,CHF,7754895.07,カナダ,CAN
2024-07-29,ACC008,UBS,CHF,7760128.81,カナダ,CAN
2024-08-05,ACC008,UBS,CHF,8047258.16,カナダ,CAN
2024-08-12,ACC008,UBS,CHF,8396395.01,カナダ,CAN
2024-08-19,ACC008,UBS,CHF,7191687.19,カナダ,CAN
2024-08-26,ACC008,UBS,CHF,9797227.0,カナダ,CAN
2024-09-02,ACC008,UBS,CHF,8492626.1,カナダ,CAN
2024-09-09,ACC008,UBS,CHF,6807878.88,カナダ,CAN
2024-09-16,ACC008,UBS,CHF,6936543.13,カナダ,CAN
2024-09-23,ACC008,UBS,CHF,7240968.13,カナダ,CAN
2024-09-30,ACC008,UBS,CHF,8846885.92,カナダ,CAN
2024-10-07,ACC008,UBS,CHF,7785698.39,カナダ,CAN
2024-10-14,ACC008,UBS,CHF,7611062.97,カナダ,CAN
2024-10-21,ACC008,UBS,CHF,7626168.6,カナダ,CAN
2024-10-28,ACC008,UBS,CHF,7310295.46,カナダ,CAN
2024-11-04,ACC008,UBS,CHF,6717470.87,カナダ,CAN
2024-11-11,ACC008,UBS,CHF,9237235.2,カナダ,CAN
2024-11-18,ACC008,UBS,CHF,9289146.86,カナダ,CAN
2024-11-25,ACC008,UBS,CHF,9487873.35,カナダ,CAN
2024-12-02,ACC008,UBS,CHF,9314884.74,カナダ,CAN
2024-12-09,ACC008,UBS,CHF,9425417.81,カナダ,CAN
2024-12-16,ACC008,UBS,CHF,8417164.62,カナダ,CAN
2024-12-23,ACC008,UBS,CHF,8213296.56,カナダ,CAN
2024-12-30,ACC008,UBS,CHF,7260477.6,カナダ,CAN
