invoice_id,customer_id,customer_name,issue_date,due_date,amount,currency,status
INV-EUR-001,CUST-001,Company_Epsilon_SG,2024-11-23,2024-12-26,274964,EUR,paid
INV-EUR-002,CUST-002,Company_Beta_DE,2023-10-18,2023-12-19,801229,EUR,outstanding
INV-AUD-003,CUST-003,Company_Delta_UK,2024-11-15,2025-02-09,661184,AUD,paid
INV-GBP-004,CUST-004,Company_Epsilon_SG,2024-02-15,2024-05-13,869771,GBP,paid
INV-EUR-005,CUST-005,Company_Epsilon_SG,2023-10-16,2023-12-20,502338,EUR,paid
INV-USD-006,CUST-006,Company_Gamma_AU,2023-12-07,2024-01-11,291204,USD,paid
INV-GBP-007,CUST-007,Company_Beta_DE,2025-02-09,2025-04-10,743253,GBP,paid
INV-AUD-008,CUST-008,Company_Alpha_US,2023-10-10,2023-12-09,781232,AUD,outstanding
INV-USD-009,CUST-009,Company_Beta_DE,2024-03-29,2024-05-12,509121,USD,paid
INV-USD-010,CUST-010,Company_Alpha_US,2024-09-10,2024-12-07,29089,USD,outstanding
INV-EUR-011,CUST-011,Company_Delta_UK,2023-10-18,2023-11-27,211122,EUR,outstanding
INV-USD-012,CUST-012,Company_Epsilon_SG,2024-09-10,2024-11-20,602570,USD,paid
INV-SGD-013,CUST-013,Company_Zeta_FR,2024-06-08,2024-08-13,228372,SGD,paid
INV-EUR-014,CUST-014,Company_Zeta_FR,2024-08-14,2024-09-22,369855,EUR,paid
INV-EUR-015,CUST-015,Company_Gamma_AU,2023-11-13,2024-02-04,803714,EUR,outstanding
INV-AUD-016,CUST-016,Company_Delta_UK,2025-01-11,2025-02-14,740917,AUD,paid
INV-AUD-017,CUST-017,Company_Zeta_FR,2024-12-26,2025-03-16,552937,AUD,outstanding
INV-USD-018,CUST-018,Company_Gamma_AU,2023-09-11,2023-10-31,300821,USD,paid
INV-USD-019,CUST-019,Company_Beta_DE,2024-12-06,2025-03-05,335010,USD,paid
INV-SGD-020,CUST-020,Company_Delta_UK,2023-07-24,2023-09-02,192898,SGD,outstanding
INV-EUR-021,CUST-021,Company_Epsilon_SG,2024-06-24,2024-09-16,761737,EUR,paid
INV-SGD-022,CUST-022,Company_Beta_DE,2024-02-11,2024-04-06,157083,SGD,paid
INV-GBP-023,CUST-023,Company_Delta_UK,2023-09-07,2023-12-03,930926,GBP,outstanding
INV-SGD-024,CUST-024,Company_Alpha_US,2024-06-02,2024-08-30,413433,SGD,outstanding
INV-SGD-025,CUST-025,Company_Alpha_US,2025-02-12,2025-04-18,698346,SGD,paid
INV-AUD-026,CUST-026,Company_Alpha_US,2023-12-29,2024-03-18,127010,AUD,outstanding
INV-USD-027,CUST-027,Company_Zeta_FR,2023-08-22,2023-10-28,457922,USD,paid
INV-AUD-028,CUST-028,Company_Delta_UK,2023-09-24,2023-12-03,936488,AUD,outstanding
INV-GBP-029,CUST-029,Company_Alpha_US,2024-05-25,2024-06-30,568318,GBP,outstanding
INV-SGD-030,CUST-030,Company_Delta_UK,2024-06-28,2024-09-18,414372,SGD,outstanding
INV-USD-031,CUST-031,Company_Delta_UK,2024-09-16,2024-11-05,158754,USD,outstanding
INV-EUR-032,CUST-032,Company_Beta_DE,2023-10-18,2023-12-04,228566,EUR,outstanding
INV-USD-033,CUST-033,Company_Gamma_AU,2024-08-29,2024-10-24,90096,USD,outstanding
INV-SGD-034,CUST-034,Company_Epsilon_SG,2025-02-14,2025-05-10,157283,SGD,outstanding
INV-AUD-035,CUST-035,Company_Zeta_FR,2024-04-20,2024-06-14,14538,AUD,paid
INV-AUD-036,CUST-036,Company_Epsilon_SG,2024-02-10,2024-04-19,790220,AUD,outstanding
INV-GBP-037,CUST-037,Company_Zeta_FR,2024-02-25,2024-04-15,123953,GBP,outstanding
INV-EUR-038,CUST-038,Company_Epsilon_SG,2024-12-26,2025-03-23,596928,EUR,paid
INV-AUD-039,CUST-039,Company_Gamma_AU,2024-09-25,2024-12-21,724542,AUD,paid
INV-SGD-040,CUST-040,Company_Gamma_AU,2024-03-30,2024-06-11,706480,SGD,outstanding
INV-EUR-041,CUST-041,Company_Alpha_US,2024-10-08,2024-12-30,140197,EUR,paid
INV-AUD-042,CUST-042,Company_Gamma_AU,2024-06-09,2024-08-31,29471,AUD,outstanding
INV-GBP-043,CUST-043,Company_Alpha_US,2024-09-13,2024-10-18,502933,GBP,paid
INV-GBP-044,CUST-044,Company_Gamma_AU,2023-12-01,2024-01-15,115402,GBP,paid
INV-AUD-045,CUST-045,Company_Beta_DE,2023-09-10,2023-10-20,268049,AUD,paid
INV-USD-046,CUST-046,Company_Gamma_AU,2024-08-23,2024-11-04,347405,USD,outstanding
INV-AUD-047,CUST-047,Company_Zeta_FR,2024-03-09,2024-06-06,461929,AUD,outstanding
INV-EUR-048,CUST-048,Company_Delta_UK,2024-11-07,2025-01-02,420915,EUR,outstanding
INV-EUR-049,CUST-049,Company_Beta_DE,2024-08-02,2024-10-28,379582,EUR,paid
INV-SGD-050,CUST-050,Company_Gamma_AU,2024-09-10,2024-11-11,467642,SGD,outstanding
INV-AUD-051,CUST-051,Company_Beta_DE,2024-06-17,2024-09-12,908000,AUD,outstanding
INV-GBP-052,CUST-052,Company_Delta_UK,2024-11-24,2025-01-07,61044,GBP,paid
INV-EUR-053,CUST-053,Company_Epsilon_SG,2023-08-13,2023-11-01,161687,EUR,outstanding
INV-EUR-054,CUST-054,Company_Gamma_AU,2024-08-18,2024-10-15,606256,EUR,paid
INV-EUR-055,CUST-055,Company_Alpha_US,2023-07-19,2023-10-11,347128,EUR,outstanding
INV-GBP-056,CUST-056,Company_Beta_DE,2023-11-03,2024-01-16,567022,GBP,paid
INV-GBP-057,CUST-057,Company_Delta_UK,2023-08-08,2023-09-20,950134,GBP,outstanding
INV-AUD-058,CUST-058,Company_Gamma_AU,2024-08-10,2024-10-23,171731,AUD,paid
INV-AUD-059,CUST-059,Company_Epsilon_SG,2024-11-03,2025-01-17,809376,AUD,paid
INV-USD-060,CUST-060,Company_Beta_DE,2024-05-12,2024-07-17,162970,USD,paid
INV-GBP-061,CUST-061,Company_Epsilon_SG,2023-08-12,2023-10-26,976159,GBP,paid
INV-SGD-062,CUST-062,Company_Alpha_US,2023-07-17,2023-10-12,798197,SGD,paid
INV-SGD-063,CUST-063,Company_Delta_UK,2023-07-10,2023-08-13,677645,SGD,outstanding
INV-USD-064,CUST-064,Company_Delta_UK,2024-07-26,2024-09-23,511575,USD,outstanding
INV-AUD-065,CUST-065,Company_Zeta_FR,2023-12-24,2024-02-15,61455,AUD,paid
INV-SGD-066,CUST-066,Company_Epsilon_SG,2024-05-01,2024-06-19,617216,SGD,paid
INV-EUR-067,CUST-067,Company_Beta_DE,2023-10-01,2023-11-29,437166,EUR,outstanding
INV-SGD-068,CUST-068,Company_Gamma_AU,2024-02-07,2024-04-22,889393,SGD,paid
INV-USD-069,CUST-069,Company_Delta_UK,2025-01-25,2025-03-15,830047,USD,outstanding
INV-SGD-070,CUST-070,Company_Zeta_FR,2024-07-24,2024-09-12,97005,SGD,outstanding
INV-AUD-071,CUST-071,Company_Alpha_US,2023-08-02,2023-09-07,289943,AUD,outstanding
INV-USD-072,CUST-072,Company_Epsilon_SG,2024-09-16,2024-11-30,296916,USD,paid
INV-USD-073,CUST-073,Company_Zeta_FR,2023-11-13,2024-01-04,912546,USD,paid
INV-USD-074,CUST-074,Company_Alpha_US,2024-12-06,2025-01-15,187563,USD,outstanding
INV-AUD-075,CUST-075,Company_Alpha_US,2023-10-26,2024-01-13,555033,AUD,paid
INV-SGD-076,CUST-076,Company_Delta_UK,2023-10-14,2024-01-09,900659,SGD,paid
INV-USD-077,CUST-077,Company_Zeta_FR,2024-05-22,2024-07-24,29215,USD,outstanding
INV-USD-078,CUST-078,Company_Alpha_US,2024-12-18,2025-02-19,668877,USD,paid
INV-SGD-079,CUST-079,Company_Gamma_AU,2024-06-28,2024-09-05,932745,SGD,paid
INV-EUR-080,CUST-080,Company_Delta_UK,2024-11-29,2025-02-25,730115,EUR,paid
INV-EUR-081,CUST-081,Company_Gamma_AU,2024-07-30,2024-08-31,944595,EUR,outstanding
INV-GBP-082,CUST-082,Company_Beta_DE,2023-07-06,2023-09-20,479960,GBP,outstanding
INV-AUD-083,CUST-083,Company_Zeta_FR,2024-02-05,2024-05-01,122858,AUD,paid
INV-USD-084,CUST-084,Company_Delta_UK,2024-10-29,2024-12-17,191636,USD,outstanding
INV-USD-085,CUST-085,Company_Delta_UK,2025-01-19,2025-03-09,71811,USD,outstanding
INV-AUD-086,CUST-086,Company_Alpha_US,2024-08-04,2024-10-07,794853,AUD,paid
INV-AUD-087,CUST-087,Company_Epsilon_SG,2024-03-14,2024-05-01,261048,AUD,paid
INV-USD-088,CUST-088,Company_Alpha_US,2023-12-06,2024-02-11,902360,USD,outstanding
INV-SGD-089,CUST-089,Company_Epsilon_SG,2024-12-30,2025-03-14,82397,SGD,outstanding
INV-SGD-090,CUST-090,Company_Delta_UK,2024-12-09,2025-01-14,63834,SGD,outstanding
INV-GBP-091,CUST-091,Company_Epsilon_SG,2023-09-18,2023-12-08,287706,GBP,paid
INV-EUR-092,CUST-092,Company_Delta_UK,2024-11-28,2024-12-31,664283,EUR,paid
INV-GBP-093,CUST-093,Company_Beta_DE,2024-03-11,2024-05-26,683280,GBP,paid
INV-GBP-094,CUST-094,Company_Delta_UK,2025-02-05,2025-03-28,30300,GBP,paid
INV-AUD-095,CUST-095,Company_Gamma_AU,2023-08-16,2023-10-02,450338,AUD,paid
INV-GBP-096,CUST-096,Company_Epsilon_SG,2024-10-29,2024-12-27,739381,GBP,outstanding
INV-USD-097,CUST-097,Company_Epsilon_SG,2023-09-29,2023-11-27,843787,USD,outstanding
INV-EUR-098,CUST-098,Company_Zeta_FR,2023-11-08,2024-01-10,593200,EUR,paid
INV-SGD-099,CUST-099,Company_Gamma_AU,2024-07-04,2024-10-01,100362,SGD,outstanding
INV-AUD-100,CUST-100,Company_Gamma_AU,2024-01-29,2024-04-04,228841,AUD,paid
INV-GBP-101,CUST-101,Company_Delta_UK,2025-02-10,2025-04-16,26092,GBP,paid
INV-USD-102,CUST-102,Company_Epsilon_SG,2024-11-19,2024-12-28,505281,USD,paid
INV-GBP-103,CUST-103,Company_Epsilon_SG,2024-08-06,2024-10-06,111423,GBP,outstanding
INV-SGD-104,CUST-104,Company_Delta_UK,2023-09-18,2023-11-27,348158,SGD,paid
INV-GBP-105,CUST-105,Company_Beta_DE,2023-11-14,2024-02-07,996327,GBP,paid
INV-GBP-106,CUST-106,Company_Zeta_FR,2025-01-10,2025-03-08,804922,GBP,outstanding
INV-USD-107,CUST-107,Company_Delta_UK,2024-06-23,2024-09-08,310972,USD,paid
INV-USD-108,CUST-108,Company_Delta_UK,2024-03-24,2024-05-31,37417,USD,outstanding
INV-EUR-109,CUST-109,Company_Gamma_AU,2024-08-05,2024-09-28,556348,EUR,outstanding
INV-EUR-110,CUST-110,Company_Beta_DE,2023-08-24,2023-10-31,296752,EUR,outstanding
INV-SGD-111,CUST-111,Company_Delta_UK,2025-01-05,2025-02-05,730409,SGD,paid
INV-USD-112,CUST-112,Company_Epsilon_SG,2024-12-20,2025-03-19,173593,USD,paid
INV-GBP-113,CUST-113,Company_Beta_DE,2024-05-18,2024-08-11,98972,GBP,paid
INV-USD-114,CUST-114,Company_Beta_DE,2024-11-09,2024-12-22,27560,USD,outstanding
INV-AUD-115,CUST-115,Company_Gamma_AU,2023-08-03,2023-09-24,896033,AUD,paid
INV-EUR-116,CUST-116,Company_Zeta_FR,2024-07-29,2024-10-14,124426,EUR,paid
INV-AUD-117,CUST-117,Company_Epsilon_SG,2024-01-16,2024-04-08,741535,AUD,paid
INV-SGD-118,CUST-118,Company_Epsilon_SG,2024-08-12,2024-09-26,143574,SGD,paid
INV-SGD-119,CUST-119,Company_Gamma_AU,2023-07-30,2023-10-23,436752,SGD,outstanding
INV-EUR-120,CUST-120,Company_Epsilon_SG,2023-11-16,2024-01-06,746883,EUR,outstanding
INV-SGD-121,CUST-121,Company_Gamma_AU,2025-02-01,2025-04-30,978628,SGD,paid
INV-USD-122,CUST-122,Company_Epsilon_SG,2023-07-31,2023-09-08,423575,USD,outstanding
INV-EUR-123,CUST-123,Company_Epsilon_SG,2023-09-01,2023-10-19,712836,EUR,paid
INV-USD-124,CUST-124,Company_Delta_UK,2023-07-17,2023-09-21,216301,USD,paid
INV-USD-125,CUST-125,Company_Zeta_FR,2024-08-28,2024-10-11,899311,USD,paid
INV-SGD-126,CUST-126,Company_Epsilon_SG,2024-11-09,2025-01-19,787806,SGD,paid
INV-SGD-127,CUST-127,Company_Alpha_US,2024-11-30,2025-01-06,700236,SGD,outstanding
INV-EUR-128,CUST-128,Company_Zeta_FR,2024-04-08,2024-06-07,844000,EUR,paid
INV-SGD-129,CUST-129,Company_Beta_DE,2024-10-13,2024-11-13,463916,SGD,outstanding
INV-USD-130,CUST-130,Company_Alpha_US,2025-01-14,2025-04-04,873877,USD,outstanding
INV-EUR-131,CUST-131,Company_Alpha_US,2024-02-21,2024-03-29,367097,EUR,outstanding
INV-USD-132,CUST-132,Company_Beta_DE,2024-04-07,2024-05-28,721186,USD,paid
INV-EUR-133,CUST-133,Company_Gamma_AU,2025-01-29,2025-03-25,431430,EUR,paid
INV-USD-134,CUST-134,Company_Beta_DE,2024-02-09,2024-04-26,711677,USD,paid
INV-AUD-135,CUST-135,Company_Alpha_US,2024-01-10,2024-02-29,614699,AUD,paid
INV-SGD-136,CUST-136,Company_Epsilon_SG,2023-11-16,2024-01-27,749916,SGD,outstanding
INV-SGD-137,CUST-137,Company_Delta_UK,2023-09-10,2023-11-27,92639,SGD,outstanding
INV-SGD-138,CUST-138,Company_Delta_UK,2024-10-07,2024-11-06,274929,SGD,outstanding
INV-AUD-139,CUST-139,Company_Beta_DE,2024-03-15,2024-04-30,780951,AUD,outstanding
INV-AUD-140,CUST-140,Company_Beta_DE,2025-01-23,2025-04-03,942300,AUD,paid
INV-AUD-141,CUST-141,Company_Beta_DE,2023-10-25,2023-11-27,271400,AUD,outstanding
INV-EUR-142,CUST-142,Company_Zeta_FR,2025-02-09,2025-04-21,608217,EUR,outstanding
INV-EUR-143,CUST-143,Company_Gamma_AU,2023-12-03,2024-01-19,320982,EUR,outstanding
INV-AUD-144,CUST-144,Company_Alpha_US,2024-12-10,2025-01-12,495458,AUD,paid
INV-EUR-145,CUST-145,Company_Delta_UK,2024-07-14,2024-10-11,970562,EUR,outstanding
INV-USD-146,CUST-146,Company_Alpha_US,2024-03-07,2024-04-29,496403,USD,paid
INV-AUD-147,CUST-147,Company_Gamma_AU,2025-01-03,2025-03-03,179946,AUD,paid
INV-EUR-148,CUST-148,Company_Beta_DE,2023-09-30,2023-11-04,641009,EUR,outstanding
INV-GBP-149,CUST-149,Company_Delta_UK,2023-12-20,2024-03-08,908444,GBP,outstanding
INV-USD-150,CUST-150,Company_Alpha_US,2024-09-15,2024-11-16,54365,USD,paid
INV-SGD-151,CUST-151,Company_Delta_UK,2024-11-20,2025-01-02,958248,SGD,outstanding
INV-USD-152,CUST-152,Company_Zeta_FR,2024-04-13,2024-05-24,755448,USD,outstanding
INV-EUR-153,CUST-153,Company_Alpha_US,2024-03-13,2024-06-04,434360,EUR,paid
INV-USD-154,CUST-154,Company_Delta_UK,2023-10-15,2023-12-04,961314,USD,paid
INV-USD-155,CUST-155,Company_Epsilon_SG,2023-08-06,2023-11-01,300623,USD,outstanding
INV-AUD-156,CUST-156,Company_Epsilon_SG,2024-05-29,2024-08-01,403285,AUD,paid
INV-USD-157,CUST-157,Company_Zeta_FR,2024-02-14,2024-04-12,438191,USD,paid
INV-USD-158,CUST-158,Company_Beta_DE,2023-12-14,2024-01-25,224275,USD,paid
INV-EUR-159,CUST-159,Company_Epsilon_SG,2023-10-03,2023-12-03,396403,EUR,outstanding
INV-EUR-160,CUST-160,Company_Beta_DE,2024-02-04,2024-03-29,858079,EUR,outstanding
INV-SGD-161,CUST-161,Company_Epsilon_SG,2024-01-22,2024-03-12,404045,SGD,paid
INV-SGD-162,CUST-162,Company_Epsilon_SG,2024-10-22,2024-12-31,673469,SGD,outstanding
INV-USD-163,CUST-163,Company_Delta_UK,2023-07-08,2023-10-05,666682,USD,outstanding
INV-GBP-164,CUST-164,Company_Delta_UK,2023-11-17,2024-01-10,937462,GBP,outstanding
INV-EUR-165,CUST-165,Company_Beta_DE,2025-01-01,2025-02-21,80614,EUR,paid
INV-EUR-166,CUST-166,Company_Zeta_FR,2024-10-12,2024-12-14,965818,EUR,paid
INV-GBP-167,CUST-167,Company_Alpha_US,2024-08-07,2024-10-23,439638,GBP,outstanding
INV-SGD-168,CUST-168,Company_Gamma_AU,2024-03-03,2024-05-05,879229,SGD,outstanding
INV-AUD-169,CUST-169,Company_Gamma_AU,2023-12-07,2024-02-24,960596,AUD,outstanding
INV-SGD-170,CUST-170,Company_Gamma_AU,2024-01-06,2024-02-14,97654,SGD,outstanding
INV-SGD-171,CUST-171,Company_Beta_DE,2023-12-30,2024-03-08,631172,SGD,paid
INV-GBP-172,CUST-172,Company_Delta_UK,2023-07-01,2023-08-28,828231,GBP,outstanding
INV-USD-173,CUST-173,Company_Alpha_US,2023-07-06,2023-09-26,656699,USD,outstanding
INV-EUR-174,CUST-174,Company_Zeta_FR,2024-02-19,2024-05-06,884248,EUR,paid
INV-GBP-175,CUST-175,Company_Alpha_US,2024-04-24,2024-05-24,783972,GBP,outstanding
INV-GBP-176,CUST-176,Company_Alpha_US,2024-02-19,2024-05-12,207300,GBP,paid
INV-AUD-177,CUST-177,Company_Epsilon_SG,2023-10-01,2023-12-23,319497,AUD,outstanding
INV-USD-178,CUST-178,Company_Gamma_AU,2024-02-28,2024-05-27,656600,USD,outstanding
INV-EUR-179,CUST-179,Company_Gamma_AU,2024-02-09,2024-03-11,891667,EUR,outstanding
INV-GBP-180,CUST-180,Company_Delta_UK,2024-05-08,2024-06-29,42086,GBP,paid
INV-GBP-181,CUST-181,Company_Alpha_US,2024-06-01,2024-08-08,928881,GBP,outstanding
INV-SGD-182,CUST-182,Company_Alpha_US,2023-11-20,2023-12-30,743775,SGD,paid
INV-AUD-183,CUST-183,Company_Epsilon_SG,2024-07-22,2024-08-26,311807,AUD,outstanding
INV-AUD-184,CUST-184,Company_Delta_UK,2025-02-18,2025-04-20,611261,AUD,paid
INV-AUD-185,CUST-185,Company_Beta_DE,2023-09-15,2023-10-31,719955,AUD,outstanding
INV-AUD-186,CUST-186,Company_Epsilon_SG,2023-08-18,2023-10-04,249511,AUD,outstanding
INV-SGD-187,CUST-187,Company_Gamma_AU,2024-05-31,2024-08-25,621831,SGD,paid
INV-EUR-188,CUST-188,Company_Zeta_FR,2024-04-22,2024-06-12,500402,EUR,paid
INV-USD-189,CUST-189,Company_Alpha_US,2023-07-18,2023-09-04,308153,USD,outstanding
INV-EUR-190,CUST-190,Company_Alpha_US,2024-03-22,2024-04-28,329629,EUR,outstanding
INV-EUR-191,CUST-191,Company_Gamma_AU,2023-07-06,2023-08-17,435017,EUR,outstanding
INV-USD-192,CUST-192,Company_Alpha_US,2025-01-26,2025-03-13,605850,USD,paid
INV-AUD-193,CUST-193,Company_Alpha_US,2024-12-10,2025-02-19,647736,AUD,paid
INV-GBP-194,CUST-194,Company_Alpha_US,2024-05-22,2024-07-09,409479,GBP,paid
INV-USD-195,CUST-195,Company_Epsilon_SG,2024-03-02,2024-04-29,329426,USD,paid
INV-AUD-196,CUST-196,Company_Beta_DE,2024-06-15,2024-08-17,475787,AUD,paid
INV-USD-197,CUST-197,Company_Alpha_US,2024-09-19,2024-11-23,924483,USD,outstanding
INV-GBP-198,CUST-198,Company_Delta_UK,2023-10-05,2023-11-05,721280,GBP,paid
INV-USD-199,CUST-199,Company_Beta_DE,2023-10-12,2023-11-27,853057,USD,outstanding
INV-SGD-200,CUST-200,Company_Epsilon_SG,2023-07-10,2023-08-30,256652,SGD,outstanding
INV-GBP-201,CUST-201,Company_Alpha_US,2024-06-25,2024-09-20,684664,GBP,outstanding
INV-USD-202,CUST-202,Company_Delta_UK,2024-02-16,2024-04-07,254617,USD,outstanding
INV-GBP-203,CUST-203,Company_Zeta_FR,2023-09-04,2023-10-11,659722,GBP,outstanding
INV-EUR-204,CUST-204,Company_Epsilon_SG,2024-12-27,2025-02-09,70821,EUR,paid
INV-USD-205,CUST-205,Company_Beta_DE,2024-07-03,2024-10-01,401609,USD,paid
INV-SGD-206,CUST-206,Company_Gamma_AU,2024-07-20,2024-10-01,197165,SGD,outstanding
INV-EUR-207,CUST-207,Company_Epsilon_SG,2023-12-13,2024-02-06,673507,EUR,outstanding
INV-EUR-208,CUST-208,Company_Beta_DE,2024-01-30,2024-04-15,525945,EUR,paid
INV-SGD-209,CUST-209,Company_Alpha_US,2023-12-16,2024-03-08,575629,SGD,outstanding
INV-AUD-210,CUST-210,Company_Delta_UK,2024-02-12,2024-03-22,629812,AUD,paid
INV-AUD-211,CUST-211,Company_Beta_DE,2024-03-31,2024-06-02,402634,AUD,outstanding
INV-USD-212,CUST-212,Company_Gamma_AU,2024-01-24,2024-03-05,918660,USD,paid
INV-USD-213,CUST-213,Company_Alpha_US,2023-12-22,2024-03-20,306374,USD,outstanding
INV-EUR-214,CUST-214,Company_Delta_UK,2024-06-01,2024-07-05,139353,EUR,outstanding
INV-USD-215,CUST-215,Company_Zeta_FR,2024-10-31,2024-12-15,309545,USD,paid
INV-GBP-216,CUST-216,Company_Gamma_AU,2023-07-09,2023-09-11,427351,GBP,paid
INV-AUD-217,CUST-217,Company_Zeta_FR,2025-02-20,2025-04-04,504299,AUD,outstanding
INV-GBP-218,CUST-218,Company_Epsilon_SG,2025-01-18,2025-03-17,409821,GBP,paid
INV-GBP-219,CUST-219,Company_Beta_DE,2023-12-17,2024-02-15,177319,GBP,paid
INV-AUD-220,CUST-220,Company_Delta_UK,2023-10-18,2023-12-16,886283,AUD,outstanding
INV-SGD-221,CUST-221,Company_Zeta_FR,2023-08-10,2023-09-20,821705,SGD,paid
INV-AUD-222,CUST-222,Company_Gamma_AU,2024-11-06,2024-12-14,832230,AUD,paid
INV-SGD-223,CUST-223,Company_Gamma_AU,2023-10-23,2023-11-23,600319,SGD,outstanding
INV-SGD-224,CUST-224,Company_Beta_DE,2024-03-02,2024-04-25,124975,SGD,paid
INV-SGD-225,CUST-225,Company_Gamma_AU,2023-07-12,2023-09-21,11791,SGD,paid
INV-USD-226,CUST-226,Company_Zeta_FR,2024-12-14,2025-02-26,310685,USD,paid
INV-GBP-227,CUST-227,Company_Beta_DE,2023-10-01,2023-11-15,397979,GBP,paid
INV-GBP-228,CUST-228,Company_Beta_DE,2025-01-05,2025-04-02,551627,GBP,paid
INV-GBP-229,CUST-229,Company_Alpha_US,2024-03-08,2024-04-21,996860,GBP,paid
INV-SGD-230,CUST-230,Company_Gamma_AU,2024-10-22,2025-01-04,776542,SGD,outstanding
INV-AUD-231,CUST-231,Company_Epsilon_SG,2023-09-29,2023-11-30,267787,AUD,paid
INV-SGD-232,CUST-232,Company_Alpha_US,2025-01-09,2025-02-13,930628,SGD,outstanding
INV-EUR-233,CUST-233,Company_Gamma_AU,2023-08-20,2023-11-17,636011,EUR,paid
INV-EUR-234,CUST-234,Company_Zeta_FR,2024-07-02,2024-08-27,362508,EUR,outstanding
INV-AUD-235,CUST-235,Company_Epsilon_SG,2024-07-02,2024-09-18,309077,AUD,paid
INV-AUD-236,CUST-236,Company_Beta_DE,2024-04-21,2024-06-04,990803,AUD,paid
INV-GBP-237,CUST-237,Company_Zeta_FR,2023-07-13,2023-08-19,524459,GBP,paid
INV-USD-238,CUST-238,Company_Zeta_FR,2023-07-29,2023-10-19,611569,USD,outstanding
INV-GBP-239,CUST-239,Company_Epsilon_SG,2024-08-22,2024-09-27,485578,GBP,paid
INV-USD-240,CUST-240,Company_Alpha_US,2023-12-17,2024-02-05,449721,USD,outstanding
INV-GBP-241,CUST-241,Company_Epsilon_SG,2024-07-15,2024-08-15,282427,GBP,paid
INV-AUD-242,CUST-242,Company_Beta_DE,2024-11-04,2024-12-19,816541,AUD,outstanding
INV-GBP-243,CUST-243,Company_Delta_UK,2024-05-13,2024-06-17,554292,GBP,outstanding
INV-EUR-244,CUST-244,Company_Alpha_US,2023-07-10,2023-10-05,463178,EUR,paid
INV-GBP-245,CUST-245,Company_Alpha_US,2024-06-06,2024-08-25,511271,GBP,outstanding
INV-USD-246,CUST-246,Company_Epsilon_SG,2023-08-23,2023-10-18,214902,USD,paid
INV-EUR-247,CUST-247,Company_Beta_DE,2023-11-26,2024-01-10,321200,EUR,outstanding
INV-SGD-248,CUST-248,Company_Gamma_AU,2024-08-02,2024-09-14,214810,SGD,paid
INV-GBP-249,CUST-249,Company_Gamma_AU,2024-11-26,2025-01-30,942155,GBP,paid
INV-GBP-250,CUST-250,Company_Beta_DE,2024-02-07,2024-04-08,132792,GBP,paid
INV-AUD-251,CUST-251,Company_Zeta_FR,2024-04-19,2024-06-29,107693,AUD,outstanding
INV-GBP-252,CUST-252,Company_Epsilon_SG,2024-03-29,2024-05-25,646970,GBP,paid
INV-EUR-253,CUST-253,Company_Gamma_AU,2024-04-30,2024-06-02,977519,EUR,paid
INV-GBP-254,CUST-254,Company_Beta_DE,2024-10-13,2024-11-20,65631,GBP,paid
INV-USD-255,CUST-255,Company_Delta_UK,2023-07-26,2023-08-31,580782,USD,outstanding
INV-EUR-256,CUST-256,Company_Gamma_AU,2023-09-01,2023-11-11,975315,EUR,paid
INV-USD-257,CUST-257,Company_Beta_DE,2024-11-21,2024-12-30,88585,USD,outstanding
INV-SGD-258,CUST-258,Company_Epsilon_SG,2024-03-20,2024-06-10,635762,SGD,outstanding
INV-GBP-259,CUST-259,Company_Gamma_AU,2023-08-02,2023-09-09,152541,GBP,outstanding
INV-EUR-260,CUST-260,Company_Zeta_FR,2024-08-19,2024-09-22,501798,EUR,outstanding
INV-AUD-261,CUST-261,Company_Zeta_FR,2024-12-20,2025-01-29,709154,AUD,outstanding
INV-GBP-262,CUST-262,Company_Delta_UK,2024-11-20,2025-02-13,249924,GBP,outstanding
INV-AUD-263,CUST-263,Company_Zeta_FR,2023-12-18,2024-03-10,377492,AUD,outstanding
INV-SGD-264,CUST-264,Company_Beta_DE,2024-02-14,2024-04-18,955856,SGD,paid
INV-SGD-265,CUST-265,Company_Alpha_US,2023-09-19,2023-11-20,32430,SGD,outstanding
INV-USD-266,CUST-266,Company_Gamma_AU,2024-02-13,2024-04-06,250339,USD,outstanding
INV-GBP-267,CUST-267,Company_Gamma_AU,2024-02-13,2024-05-06,213734,GBP,paid
INV-GBP-268,CUST-268,Company_Epsilon_SG,2023-10-10,2023-12-23,132549,GBP,paid
INV-GBP-269,CUST-269,Company_Delta_UK,2023-09-11,2023-12-05,370013,GBP,paid
INV-EUR-270,CUST-270,Company_Gamma_AU,2024-03-06,2024-05-31,483705,EUR,paid
INV-USD-271,CUST-271,Company_Epsilon_SG,2024-07-30,2024-10-18,39118,USD,outstanding
INV-SGD-272,CUST-272,Company_Alpha_US,2024-03-08,2024-06-06,472353,SGD,outstanding
INV-SGD-273,CUST-273,Company_Epsilon_SG,2024-11-13,2025-01-06,113939,SGD,paid
INV-SGD-274,CUST-274,Company_Zeta_FR,2023-11-17,2024-02-11,912834,SGD,outstanding
INV-SGD-275,CUST-275,Company_Zeta_FR,2025-01-18,2025-04-09,556119,SGD,outstanding
INV-USD-276,CUST-276,Company_Gamma_AU,2023-11-19,2024-02-13,125750,USD,paid
INV-GBP-277,CUST-277,Company_Delta_UK,2023-10-21,2023-12-16,527991,GBP,outstanding
INV-SGD-278,CUST-278,Company_Beta_DE,2024-03-29,2024-05-19,420472,SGD,paid
INV-USD-279,CUST-279,Company_Alpha_US,2024-08-20,2024-11-01,995308,USD,outstanding
INV-AUD-280,CUST-280,Company_Zeta_FR,2024-03-02,2024-04-19,555771,AUD,paid
INV-AUD-281,CUST-281,Company_Delta_UK,2023-12-17,2024-03-09,755966,AUD,paid
INV-USD-282,CUST-282,Company_Alpha_US,2024-03-07,2024-04-23,554277,USD,outstanding
INV-EUR-283,CUST-283,Company_Zeta_FR,2024-09-13,2024-11-21,685105,EUR,paid
INV-EUR-284,CUST-284,Company_Epsilon_SG,2024-11-02,2024-12-24,286870,EUR,outstanding
INV-AUD-285,CUST-285,Company_Delta_UK,2024-04-06,2024-05-12,356147,AUD,outstanding
INV-AUD-286,CUST-286,Company_Alpha_US,2023-09-24,2023-12-23,271150,AUD,paid
INV-GBP-287,CUST-287,Company_Delta_UK,2023-12-27,2024-02-14,999691,GBP,paid
INV-AUD-288,CUST-288,Company_Gamma_AU,2023-07-30,2023-10-26,920922,AUD,paid
INV-GBP-289,CUST-289,Company_Gamma_AU,2025-02-11,2025-05-04,661152,GBP,paid
INV-GBP-290,CUST-290,Company_Beta_DE,2024-05-18,2024-07-20,885911,GBP,outstanding
INV-EUR-291,CUST-291,Company_Gamma_AU,2023-12-14,2024-03-05,707396,EUR,paid
INV-GBP-292,CUST-292,Company_Gamma_AU,2023-09-24,2023-11-28,153662,GBP,paid
INV-GBP-293,CUST-293,Company_Beta_DE,2023-08-08,2023-09-11,817511,GBP,outstanding
INV-SGD-294,CUST-294,Company_Gamma_AU,2025-01-09,2025-03-17,142325,SGD,paid
INV-USD-295,CUST-295,Company_Beta_DE,2023-11-08,2023-12-24,782780,USD,paid
INV-USD-296,CUST-296,Company_Alpha_US,2023-09-22,2023-12-01,149043,USD,outstanding
INV-EUR-297,CUST-297,Company_Zeta_FR,2025-01-08,2025-03-20,239502,EUR,paid
INV-USD-298,CUST-298,Company_Zeta_FR,2025-01-15,2025-02-25,896444,USD,paid
INV-SGD-299,CUST-299,Company_Gamma_AU,2023-09-13,2023-11-11,691033,SGD,outstanding
INV-USD-300,CUST-300,Company_Alpha_US,2024-01-09,2024-02-19,10208,USD,paid
INV-GBP-301,CUST-301,Company_Epsilon_SG,2024-04-19,2024-07-07,180038,GBP,outstanding
INV-AUD-302,CUST-302,Company_Gamma_AU,2024-08-05,2024-09-05,290695,AUD,paid
INV-GBP-303,CUST-303,Company_Zeta_FR,2024-08-31,2024-10-11,51773,GBP,paid
INV-AUD-304,CUST-304,Company_Zeta_FR,2024-09-01,2024-11-21,755961,AUD,paid
INV-AUD-305,CUST-305,Company_Gamma_AU,2023-12-10,2024-03-09,179570,AUD,outstanding
INV-SGD-306,CUST-306,Company_Gamma_AU,2023-09-16,2023-11-23,74783,SGD,paid
INV-GBP-307,CUST-307,Company_Alpha_US,2024-06-14,2024-07-21,800446,GBP,paid
INV-GBP-308,CUST-308,Company_Zeta_FR,2023-12-05,2024-02-13,92348,GBP,paid
INV-GBP-309,CUST-309,Company_Zeta_FR,2024-07-25,2024-10-18,150392,GBP,outstanding
INV-AUD-310,CUST-310,Company_Alpha_US,2023-07-03,2023-08-28,109473,AUD,outstanding
INV-AUD-311,CUST-311,Company_Alpha_US,2023-12-04,2024-02-04,722140,AUD,paid
INV-EUR-312,CUST-312,Company_Beta_DE,2024-12-27,2025-03-09,618103,EUR,paid
INV-SGD-313,CUST-313,Company_Beta_DE,2023-08-11,2023-09-20,852035,SGD,outstanding
INV-USD-314,CUST-314,Company_Beta_DE,2025-02-15,2025-04-21,311211,USD,paid
INV-EUR-315,CUST-315,Company_Alpha_US,2023-08-26,2023-11-17,528605,EUR,outstanding
INV-USD-316,CUST-316,Company_Epsilon_SG,2024-10-26,2024-12-24,936093,USD,paid
INV-SGD-317,CUST-317,Company_Epsilon_SG,2024-02-10,2024-04-03,241761,SGD,outstanding
INV-USD-318,CUST-318,Company_Alpha_US,2025-02-12,2025-03-17,207970,USD,outstanding
INV-SGD-319,CUST-319,Company_Epsilon_SG,2023-09-21,2023-12-02,711834,SGD,paid
INV-USD-320,CUST-320,Company_Delta_UK,2023-07-05,2023-08-15,722116,USD,paid
INV-AUD-321,CUST-321,Company_Delta_UK,2025-01-18,2025-04-10,752215,AUD,outstanding
INV-AUD-322,CUST-322,Company_Epsilon_SG,2023-10-28,2023-12-27,43578,AUD,outstanding
INV-GBP-323,CUST-323,Company_Gamma_AU,2024-09-25,2024-11-19,520543,GBP,outstanding
INV-GBP-324,CUST-324,Company_Epsilon_SG,2024-01-27,2024-03-11,633693,GBP,outstanding
INV-GBP-325,CUST-325,Company_Gamma_AU,2024-07-05,2024-08-14,369127,GBP,paid
INV-SGD-326,CUST-326,Company_Beta_DE,2024-01-29,2024-03-03,862925,SGD,outstanding
INV-SGD-327,CUST-327,Company_Gamma_AU,2024-11-21,2025-02-11,532668,SGD,outstanding
INV-USD-328,CUST-328,Company_Zeta_FR,2023-11-22,2023-12-26,26082,USD,paid
INV-GBP-329,CUST-329,Company_Delta_UK,2024-11-04,2024-12-30,978775,GBP,paid
INV-EUR-330,CUST-330,Company_Epsilon_SG,2024-11-18,2025-02-12,381094,EUR,paid
INV-USD-331,CUST-331,Company_Delta_UK,2024-06-15,2024-07-21,535240,USD,outstanding
INV-GBP-332,CUST-332,Company_Beta_DE,2023-10-02,2023-11-10,687377,GBP,paid
INV-USD-333,CUST-333,Company_Zeta_FR,2023-07-19,2023-09-25,884981,USD,paid
INV-SGD-334,CUST-334,Company_Zeta_FR,2024-10-11,2024-12-04,775123,SGD,paid
INV-GBP-335,CUST-335,Company_Delta_UK,2024-03-02,2024-05-21,141592,GBP,paid
INV-AUD-336,CUST-336,Company_Alpha_US,2024-12-26,2025-01-28,342401,AUD,paid
INV-EUR-337,CUST-337,Company_Alpha_US,2024-06-20,2024-09-15,593864,EUR,outstanding
INV-AUD-338,CUST-338,Company_Beta_DE,2024-10-11,2024-12-23,825321,AUD,paid
INV-SGD-339,CUST-339,Company_Epsilon_SG,2023-12-04,2024-02-26,959011,SGD,paid
INV-GBP-340,CUST-340,Company_Delta_UK,2023-11-28,2024-01-02,794009,GBP,outstanding
INV-EUR-341,CUST-341,Company_Zeta_FR,2024-11-06,2025-01-27,377976,EUR,paid
INV-GBP-342,CUST-342,Company_Delta_UK,2024-02-06,2024-04-17,524864,GBP,paid
INV-AUD-343,CUST-343,Company_Epsilon_SG,2024-09-22,2024-10-31,814196,AUD,paid
INV-SGD-344,CUST-344,Company_Epsilon_SG,2024-03-01,2024-03-31,739894,SGD,paid
INV-AUD-345,CUST-345,Company_Gamma_AU,2024-02-18,2024-03-27,37549,AUD,paid
INV-EUR-346,CUST-346,Company_Alpha_US,2023-09-13,2023-12-10,190863,EUR,paid
INV-GBP-347,CUST-347,Company_Alpha_US,2024-02-20,2024-04-15,295572,GBP,outstanding
INV-EUR-348,CUST-348,Company_Zeta_FR,2023-08-18,2023-09-22,720921,EUR,outstanding
INV-AUD-349,CUST-349,Company_Alpha_US,2024-05-11,2024-07-29,604173,AUD,paid
INV-USD-350,CUST-350,Company_Alpha_US,2024-05-29,2024-08-08,809104,USD,paid
INV-EUR-351,CUST-351,Company_Delta_UK,2024-06-04,2024-08-06,879845,EUR,paid
INV-EUR-352,CUST-352,Company_Gamma_AU,2025-02-11,2025-03-21,116756,EUR,paid
INV-SGD-353,CUST-353,Company_Beta_DE,2024-06-02,2024-07-13,713113,SGD,paid
INV-SGD-354,CUST-354,Company_Alpha_US,2024-05-19,2024-08-06,763092,SGD,paid
INV-GBP-355,CUST-355,Company_Alpha_US,2024-06-24,2024-09-03,625423,GBP,paid
INV-GBP-356,CUST-356,Company_Zeta_FR,2024-12-29,2025-02-23,367897,GBP,outstanding
INV-AUD-357,CUST-357,Company_Epsilon_SG,2024-02-21,2024-04-23,360580,AUD,outstanding
INV-AUD-358,CUST-358,Company_Zeta_FR,2024-01-16,2024-03-19,436770,AUD,outstanding
INV-AUD-359,CUST-359,Company_Epsilon_SG,2024-06-01,2024-07-05,740873,AUD,paid
INV-AUD-360,CUST-360,Company_Zeta_FR,2024-09-05,2024-10-11,932164,AUD,outstanding
INV-GBP-361,CUST-361,Company_Beta_DE,2024-02-24,2024-05-11,824614,GBP,outstanding
INV-EUR-362,CUST-362,Company_Zeta_FR,2024-12-08,2025-02-01,346517,EUR,paid
INV-GBP-363,CUST-363,Company_Epsilon_SG,2024-02-06,2024-03-18,319694,GBP,outstanding
INV-GBP-364,CUST-364,Company_Delta_UK,2023-09-19,2023-12-06,292757,GBP,paid
INV-EUR-365,CUST-365,Company_Delta_UK,2024-06-10,2024-07-25,117303,EUR,paid
INV-GBP-366,CUST-366,Company_Delta_UK,2023-11-02,2023-12-04,405912,GBP,paid
INV-SGD-367,CUST-367,Company_Beta_DE,2023-10-15,2023-11-26,992823,SGD,paid
INV-USD-368,CUST-368,Company_Delta_UK,2023-09-08,2023-11-30,24038,USD,outstanding
INV-AUD-369,CUST-369,Company_Delta_UK,2023-07-24,2023-08-31,466578,AUD,outstanding
INV-USD-370,CUST-370,Company_Epsilon_SG,2023-07-29,2023-09-17,635449,USD,outstanding
INV-EUR-371,CUST-371,Company_Gamma_AU,2023-10-05,2023-11-18,966591,EUR,paid
INV-GBP-372,CUST-372,Company_Epsilon_SG,2023-11-04,2023-12-10,228805,GBP,paid
INV-SGD-373,CUST-373,Company_Beta_DE,2023-09-23,2023-12-05,269703,SGD,paid
INV-USD-374,CUST-374,Company_Beta_DE,2024-01-13,2024-04-09,562130,USD,outstanding
INV-EUR-375,CUST-375,Company_Delta_UK,2024-08-08,2024-11-04,48813,EUR,paid
INV-USD-376,CUST-376,Company_Zeta_FR,2024-08-04,2024-10-11,484514,USD,paid
INV-AUD-377,CUST-377,Company_Epsilon_SG,2024-09-06,2024-10-15,144431,AUD,paid
INV-SGD-378,CUST-378,Company_Alpha_US,2024-05-02,2024-06-18,89961,SGD,outstanding
INV-AUD-379,CUST-379,Company_Gamma_AU,2024-10-17,2024-11-21,431956,AUD,paid
INV-AUD-380,CUST-380,Company_Zeta_FR,2024-10-13,2024-12-14,10005,AUD,paid
INV-GBP-381,CUST-381,Company_Delta_UK,2023-11-14,2024-02-04,654815,GBP,outstanding
INV-EUR-382,CUST-382,Company_Delta_UK,2025-02-15,2025-04-30,701033,EUR,outstanding
INV-SGD-383,CUST-383,Company_Alpha_US,2024-07-11,2024-09-17,564161,SGD,paid
INV-EUR-384,CUST-384,Company_Epsilon_SG,2024-02-21,2024-03-26,907792,EUR,paid
INV-SGD-385,CUST-385,Company_Gamma_AU,2023-07-07,2023-09-02,895296,SGD,outstanding
INV-EUR-386,CUST-386,Company_Delta_UK,2023-07-30,2023-10-19,576789,EUR,outstanding
INV-GBP-387,CUST-387,Company_Gamma_AU,2023-11-16,2024-01-11,738430,GBP,outstanding
INV-SGD-388,CUST-388,Company_Gamma_AU,2024-03-14,2024-05-29,466213,SGD,paid
INV-EUR-389,CUST-389,Company_Beta_DE,2023-09-05,2023-11-10,84800,EUR,paid
INV-GBP-390,CUST-390,Company_Delta_UK,2024-08-22,2024-09-24,58822,GBP,paid
INV-GBP-391,CUST-391,Company_Alpha_US,2024-06-14,2024-09-03,596597,GBP,outstanding
INV-SGD-392,CUST-392,Company_Delta_UK,2024-08-17,2024-09-24,236073,SGD,outstanding
INV-EUR-393,CUST-393,Company_Delta_UK,2023-09-13,2023-11-30,836650,EUR,paid
INV-EUR-394,CUST-394,Company_Gamma_AU,2023-12-06,2024-01-19,566637,EUR,outstanding
INV-EUR-395,CUST-395,Company_Beta_DE,2025-01-11,2025-02-26,792273,EUR,paid
INV-SGD-396,CUST-396,Company_Delta_UK,2024-08-28,2024-11-05,284584,SGD,paid
INV-EUR-397,CUST-397,Company_Beta_DE,2024-09-16,2024-11-25,576639,EUR,paid
INV-EUR-398,CUST-398,Company_Gamma_AU,2024-12-09,2025-02-15,965208,EUR,outstanding
INV-GBP-399,CUST-399,Company_Delta_UK,2024-11-27,2025-02-03,528999,GBP,outstanding
INV-USD-400,CUST-400,Company_Epsilon_SG,2023-11-10,2024-01-08,566891,USD,outstanding
